蒜蓉青菜,青菜,大蒜头,,,,,,,,,,,,
香菇青菜,青菜,鲜香菇,,,,,,,,,,,,
清炒青菜,青菜,,,,,,,,,,,,,
清炒生菜,生菜,,,,,,,,,,,,,
蚝油生菜,生菜,耗油,,,,,,,,,,,,
蒜蓉生菜,生菜,大蒜头,,,,,,,,,,,,
香菇菜心,广东菜心,鲜香菇,,,,,,,,,,,,
白灼菜心,广东菜心,,,,,,,,,,,,,
蒜蓉菜心,广东菜心,大蒜头,,,,,,,,,,,,
小白菜炖豆腐,小白菜,老豆腐,,,,,,,,,,,,
清炒小白菜,小白菜,,,,,,,,,,,,,
小白菜炒鸡蛋,小白菜,鸡蛋,,,,,,,,,,,,
麻酱油麦菜,油麦菜,麻酱,,,,,,,,,,,,
耗油油麦菜,油麦菜,耗油,,,,,,,,,,,,
蒜蓉油麦菜,油麦菜,大蒜头,,,,,,,,,,,,
木耳大白菜炒肉,大白菜,木耳,里脊肉,,,,,,,,,,,
酸辣大白菜,大白菜,干辣椒,,,,,,,,,,,,
大白菜炖粉条,大白菜,宽粉条,干丝,,,,,,,,,,,
耗油娃娃菜,娃娃菜,大蒜头,小葱,干辣椒,,,,,,,,,,
蒜蓉粉丝娃娃菜,娃娃菜,大蒜头,粉丝,胡萝卜,香菜,小葱,,,,,,,,
上汤娃娃菜,娃娃菜,大蒜头,小葱,,,,,,,,,,,
耗油杭白菜,杭白菜,,,,,,,,,,,,,
杭白菜蘑菇面筋,杭白菜,白蘑菇,油面筋,,,,,,,,,,,
清炒杭白菜,杭白菜,大蒜头,虾皮,,,,,,,,,,,
粉丝卷心菜,卷心菜,鸡蛋,粉丝,胡萝卜,小葱,,,,,,,,,
手撕包菜,卷心菜,大蒜头,小葱,干辣椒,,,,,,,,,,
凉拌卷心菜,卷心菜,干辣椒,生姜,大蒜头,,,,,,,,,,
凉拌茼蒿菜,茼蒿菜,五香干,,,,,,,,,,,,
茼蒿菜炒肉,茼蒿菜,五花肉,干辣椒,大蒜头,生姜,小葱,,,,,,,,
清炒茼蒿菜,茼蒿菜,大蒜头,生姜,小葱,,,,,,,,,,
蒜蓉空心菜,空心菜,大蒜头,,,,,,,,,,,,
腐乳空心菜,空心菜,腐乳酱,,,,,,,,,,,,
肉末空心菜,空心菜,里脊肉,干辣椒,大蒜头,,,,,,,,,,
清炒红苋菜,苋菜,大蒜头,,,,,,,,,,,,
蒜香白苋菜,苋菜,大蒜头,,,,,,,,,,,,
皮蛋苋菜汤,苋菜,皮蛋,大蒜头,生姜,,,,,,,,,,
芹菜炒豆干,芹菜,五香干,干辣椒,大蒜头,,,,,,,,,,
芹菜炒牛肉,芹菜,牛腱,泡椒,小米椒,大蒜头,,,,,,,,,
芹菜拌腐竹,芹菜,腐竹,干辣椒,,,,,,,,,,,
水芹炒香干,水芹,五香干,干辣椒,,,,,,,,,,,
清炒水芹,水芹,,,,,,,,,,,,,
凉拌水芹,水芹,干辣椒,大蒜头,,,,,,,,,,,
菠菜鸡蛋汤,菠菜,鸡蛋,,,,,,,,,,,,
菠菜鸡蛋饼,菠菜,鸡蛋,面粉,生姜,小葱,,,,,,,,,
麻酱菠菜,菠菜,芝麻酱,大蒜头,小米椒,熟芝麻,,,,,,,,,
蒜香豆苗,豆苗,大蒜头,,,,,,,,,,,,
上汤豆苗,豆苗,皮蛋,大蒜头,咸蛋,火腿片,枸杞,,,,,,,,
凉拌豆苗,豆苗,熟芝麻,,,,,,,,,,,,
酒香草头,草头,白酒,,,,,,,,,,,,
草头白米虾,草头,白米虾,,,,,,,,,,,,
草头圈子,草头,大肠,桂皮,,,,,,,,,,,
白灼芥兰,芥兰,,,,,,,,,,,,,
腊肠炒芥兰,芥兰,腊肠,生姜,白酒,,,,,,,,,,
芥兰山药炒木耳,芥兰,山药,木耳,生姜,小葱,,,,,,,,,
韭黄春卷,韭黄,肉糜,春卷皮,生姜,小葱,,,,,,,,,
韭黄炒鸡蛋,韭黄,鸡蛋,,,,,,,,,,,,
韭黄炒肉丝,韭黄,里脊肉,干辣椒,,,,,,,,,,,
清炒韭菜,韭菜,,,,,,,,,,,,,
韭菜炒鸡蛋,韭菜,鸡蛋,,,,,,,,,,,,
胡萝卜韭菜肉饼,韭菜,胡萝卜,里脊肉,洋葱,面包屑,牛奶,鸡蛋,橙汁,,,,,,
蒜苔炒素鸡,蒜苔,素鸡,生姜,彩椒,青椒,花椒,大蒜头,小葱,,,,,,
蒜苔炒肉,蒜苔,五花肉,,,,,,,,,,,,
蒜苔炒香干,蒜苔,五香干,大蒜头,干辣椒,,,,,,,,,,
清炒鸡毛菜,鸡毛菜,,,,,,,,,,,,,
上汤鸡毛菜,鸡毛菜,油豆腐,腐竹,鲜香菇,金针菇,,,,,,,,,
豆腐皮鸡毛菜,鸡毛菜,豆腐衣,蟹味菇,小米椒,,,,,,,,,,
炝拌双耳西兰花,西兰花,胡萝卜,木耳,银耳,大蒜头,生姜,小葱,,,,,,,
上汤西兰花,西兰花,大蒜头,火腿丁,皮蛋,咸蛋,鸡蛋,枸杞,,,,,,,
西兰花香菇炒腊肉,西兰花,香菇,胡萝卜,腊肉,木耳,,,,,,,,,
干锅有机花菜,有机花菜,五花肉,大蒜头,干辣椒,,,,,,,,,,
有机花菜炒木耳,有机花菜,木耳,,,,,,,,,,,,
豆豉酱爆有机花菜,有机花菜,胡萝卜,青椒,豆豉,五花肉,大蒜头,生姜,小葱,,,,,,
麻香油泼芦笋,芦笋,小米椒,大蒜,,,,,,,,,,,
芦笋滑虾,芦笋,小米椒,海虾,大蒜头,生姜,小葱,,,,,,,,
芦笋炒肉丝,芦笋,里脊肉,大蒜头,,,,,,,,,,,
凉拌紫甘蓝,紫甘蓝,彩椒,大蒜头,,,,,,,,,,,
紫甘蓝沙拉,紫甘蓝,黄瓜,玉米,雪梨,,,,,,,,,,
蒜香紫甘蓝,紫甘蓝,大蒜头,小葱,,,,,,,,,,,
肉末茄条,长茄子,五花肉,胡萝卜,香菜,小葱,,,,,,,,,
油焖茄子,长茄子,青椒,大蒜头,,,,,,,,,,,
凉拌茄子,长茄子,香菜,大蒜头,,,,,,,,,,,
番茄炒蛋,番茄,鸡蛋,小葱,,,,,,,,,,,
番茄浓汤,番茄,绢豆腐,鲜香菇,小葱,,,,,,,,,,
凉拌西红柿,番茄,白砂糖,,,,,,,,,,,,
清炒南瓜片,绿皮南瓜,大蒜头,小葱,,,,,,,,,,,
蛋黄焗南瓜,绿皮南瓜,咸蛋,枸杞,,,,,,,,,,,
南瓜鸡肉盅,绿皮南瓜,鸡胸肉,玉米,胡萝卜,豌豆,,,,,,,,,
拍黄瓜,黄瓜,大蒜头,干辣椒,香菜,,,,,,,,,,
黄瓜木耳炒鸡蛋,黄瓜,鸡蛋,木耳,小葱,,,,,,,,,,
糖醋酱黄瓜,黄瓜,生姜,大蒜头,,,,,,,,,,,
清炒苦瓜,苦瓜,红椒,大蒜头,,,,,,,,,,,
苦瓜炒鸡蛋,苦瓜,鸡蛋,,,,,,,,,,,,
凉拌苦瓜,苦瓜,小葱,,,,,,,,,,,,
丝瓜毛豆,丝瓜,毛豆,干辣椒,生姜,,,,,,,,,,
丝瓜蛋汤,丝瓜,鸡蛋,毛豆,大蒜头,青椒,生姜,小葱,,,,,,,
蒜蓉干贝蒸丝瓜,丝瓜,干贝,大蒜头,,,,,,,,,,,
家常清炒八棱瓜,八棱瓜,,,,,,,,,,,,,
双椒蚝油八棱瓜,八棱瓜,青椒,木耳,大蒜头,彩椒,,,,,,,,,
八棱瓜烩油条,八棱瓜,油条,大蒜头,莲子,,,,,,,,,,
生拌西葫芦,西葫芦,大蒜头,干辣椒,,,,,,,,,,,
西葫芦炒虾仁,西葫芦,基围虾,小葱,,,,,,,,,,,
芝香椒油西葫芦,西葫芦,芝麻,花椒,干辣椒,大蒜头,,,,,,,,,
佛手瓜蘑菇炒鸡片,佛手瓜,白蘑菇,鸡胸肉,木耳,大蒜头,,,,,,,,,
炝拌佛手瓜,佛手瓜,小米辣,花椒,,,,,,,,,,,
佛手瓜鱿鱼干小排汤,佛手瓜,鱿鱼干,小排,生姜,白胡椒粒,,,,,,,,,
扁豆炒香肠,扁豆,香肠,生姜,大葱,大蒜头,,,,,,,,,
排骨扁豆焖饭,扁豆,小排,大葱,大蒜头,生姜,小葱,,,,,,,,
蚝油扁豆,扁豆,大蒜头,,,,,,,,,,,,
豌豆炒鸡丁,豌豆,鸡胸肉,大蒜头,剁椒,,,,,,,,,,
水煮豌豆,豌豆,白果,,,,,,,,,,,,
素炒三丁,豌豆,玉米,胡萝卜,,,,,,,,,,,
荷兰豆炒香肠,荷兰豆,香肠,,,,,,,,,,,,
脆拌荷兰豆,荷兰豆,生姜,,,,,,,,,,,,
菌香荷兰豆,荷兰豆,鲜香菇,大蒜头,,,,,,,,,,,
干煸四季豆,四季豆,大蒜头,干辣椒,,,,,,,,,,,
四季豆红椒炒鸡蛋,四季豆,红椒,鸡蛋,,,,,,,,,,,
四季豆炒肉丝,四季豆,五花肉,大蒜头,,,,,,,,,,,
蒜蓉麻汁豇豆,豇豆,大蒜头,,,,,,,,,,,,
凉拌酸辣豆角,豇豆,泡尖椒,大蒜头,生姜,,,,,,,,,,
豇豆炒里脊肉,豇豆,里脊肉,大蒜头,干辣椒,,,,,,,,,,
五香水煮蚕豆,蚕豆,草果,红椒,八角,花椒,,,,,,,,,
蚕豆炒酸菜,蚕豆,酸菜,红椒,大蒜头,,,,,,,,,,
葱油蚕豆,蚕豆,小葱,,,,,,,,,,,,
咸菜肉丝炒毛豆,毛豆,咸菜,里脊肉,干辣椒,,,,,,,,,,
冰镇香糟毛豆,毛豆,香糟卤,,,,,,,,,,,,
肉末毛豆炒香干,毛豆,五花肉,五香干,干辣椒,,,,,,,,,,
彩椒吵藕丁,彩椒,莲藕,大蒜头,小葱,,,,,,,,,,
彩椒杏鲍菇,彩椒,杏鲍菇,小葱,,,,,,,,,,,
彩椒鸡胸肉,彩椒,鸡胸肉,,,,,,,,,,,,
拔丝红薯,红薯,芝麻,,,,,,,,,,,,
红薯炒大蒜叶,红薯,大蒜叶,,,,,,,,,,,,
炒红薯丁,红薯,胡萝卜,毛豆,,,,,,,,,,,
紫薯糖水,紫薯,生姜,,,,,,,,,,,,
奶香紫薯馅,紫薯,,,,,,,,,,,,,
紫薯芝麻饼,紫薯,熟白芝麻,糯米粉,,,,,,,,,,,
油焖茭白,茭白,,,,,,,,,,,,,
茭白肉丝,茭白,里脊肉,青椒,生姜,,,,,,,,,,
河虾炒茭白,茭白,河虾,生姜,干辣椒,小葱,,,,,,,,,
农家蒸芋头,芋艿,腊肉,剁椒,小葱,,,,,,,,,,
炒芋头丝,芋艿,红椒,大蒜头,小葱,五花肉,,,,,,,,,
芋头烧排骨,芋艿,肋排,生姜,小葱,,,,,,,,,,
香辣藕丁,莲藕,干辣椒,大蒜头,,,,,,,,,,,
桂花糯米莲藕,莲藕,糯米,干桂花,,,,,,,,,,,
莲藕炖排骨,莲藕,小排,生姜,小葱,,,,,,,,,,
凉拌白萝卜丝,白萝卜,小米椒,生姜,香菜,大蒜头,,,,,,,,,
清炒白萝卜丝,白萝卜,小葱,青椒,生姜,,,,,,,,,,
白萝卜骨头汤,白萝卜,大骨,枸杞,生姜,小葱,,,,,,,,,
酸辣胡萝卜丝,胡萝卜,朝天椒,小葱,大蒜头,香菜,,,,,,,,,
胡萝卜炒大蒜叶,胡萝卜,大蒜叶,,,,,,,,,,,,
鱼香胡萝卜丝,胡萝卜,青椒,小葱,泡椒,花椒,生姜,大蒜头,,,,,,,
孜然土豆片,土豆,五花肉,生姜,干辣椒,大蒜头,,,,,,,,,
咖喱土豆鸡块,土豆,鸡胸肉,胡萝卜,洋葱,,,,,,,,,,
青椒土豆丝,土豆,青椒,彩椒,大蒜头,,,,,,,,,,
清炒莴笋丝,莴笋,胡萝卜,生姜,大蒜头,,,,,,,,,,
葱油莴笋丝,莴笋,小葱,洋葱,彩椒,,,,,,,,,,
莴笋拌木耳,莴笋,木耳,小葱,干辣椒,,,,,,,,,,
油焖春笋,竹笋,小米椒,小葱,,,,,,,,,,,
鲜笋香菇,竹笋,干香菇,,,,,,,,,,,,
竹笋鸡汤,竹笋,全鸡,生姜,,,,,,,,,,,
红烧冬瓜,冬瓜,里脊肉,青蒜,大蒜头,生姜,,,,,,,,,
川味冬瓜烧肉,冬瓜,里脊肉,,,,,,,,,,,,
肉末冬瓜,冬瓜,里脊肉,小葱,大蒜头,,,,,,,,,,
爆炒黄豆芽,黄豆芽,干辣椒,大蒜头,彩椒,,,,,,,,,,
凉拌黄豆芽,黄豆芽,小葱,大蒜头,香菜,白芝麻,,,,,,,,,
黄豆芽炒粉丝,黄豆芽,粉丝,小葱,生姜,,,,,,,,,,
清炒绿豆芽,绿豆芽,韭菜,彩椒,,,,,,,,,,,
双椒绿豆芽,绿豆芽,青椒,大蒜头,小葱,彩椒,,,,,,,,,
绿豆芽炒豆干,绿豆芽,白豆干,青椒,彩椒,,,,,,,,,,
夜开花烧面筋,夜开花,油面筋,胡萝卜,木耳,,,,,,,,,,
开洋夜开花粉丝汤,夜开花,开洋,粉丝,,,,,,,,,,,
清炒夜开花,夜开花,番茄,青椒,大葱,花椒,,,,,,,,,
蒜蓉秋葵,秋葵,大蒜头,,,,,,,,,,,,
秋葵炒鸡丁,秋葵,鸡胸肉,,,,,,,,,,,,
秋葵炒肉,秋葵,里脊肉,彩椒,小葱,生姜,,,,,,,,,
素炒山药,山药,青椒,木耳,彩椒,,,,,,,,,,
蜜汁蓝莓山药,铁棍山药,蓝莓汁,蜂蜜,,,,,,,,,,,
山药排骨汤,山药,小排,生姜,枸杞,,,,,,,,,,
马蹄小炒,马蹄（荸荠）,胡萝卜,木耳,扁豆,小葱,,,,,,,,,
桂花马蹄糖水,马蹄（荸荠）,干桂花,,,,,,,,,,,,
梨藕马蹄汤,马蹄（荸荠）,梨,莲藕,山药,,,,,,,,,,
慈菇烧肉,慈菇,五花肉,小葱,八角,生姜,,,,,,,,,
青椒慈菇炒肉片,慈菇,里脊肉,青椒,,,,,,,,,,,
干烧慈菇冬笋,慈菇,冬笋,小葱,生姜,大蒜头,,,,,,,,,
板栗炖鸡,板栗,鸡腿,小葱,生姜,,,,,,,,,,
板栗烧肉,板栗,五花肉,小葱,生姜,大蒜头,,,,,,,,,
板栗焖鸭,板栗,鸭翅,生姜,大蒜头,,,,,,,,,,
蚝油草菇,草菇,黄瓜,葱白,彩椒,生姜,,,,,,,,,
草菇芦笋炒牛肉,草菇,芦笋,胡萝卜,牛肉,生姜,大蒜头,,,,,,,,
草菇虾仁,草菇,草虾,冬笋,彩椒,香菜,小葱,生姜,,,,,,,
平菇肉片,平菇,五花肉,小葱,青椒,胡萝卜,生姜,大蒜头,,,,,,,
平菇小白菜,平菇,小白菜,大蒜头,,,,,,,,,,,
平菇鸡蛋,平菇,鸡蛋,小葱,大蒜头,,,,,,,,,,
香菇酿肉,鲜香菇,里脊肉,小葱,枸杞,白芝麻,,,,,,,,,
小炒鲜香菇,鲜香菇,里脊肉,青椒,小葱,彩椒,生姜,大蒜头,,,,,,,
鲜虾香菇盏,鲜香菇,海虾,胡萝卜,,,,,,,,,,,
干煸茶树菇,鲜茶树菇,青椒,里脊肉,生姜,彩椒,大蒜头,,,,,,,,
茶树菇排骨汤,鲜茶树菇,小排,,,,,,,,,,,,
茶树菇炖鸡,鲜茶树菇,鸡,小葱,白豆蔻,草果丁香,生姜,大蒜头,大料,,,,,,
葱油炒蘑菇,白蘑菇,小葱,,,,,,,,,,,,
双菇荠菜羹,白蘑菇,荠菜,草菇,,,,,,,,,,,
芦笋炒蘑菇,白蘑菇,芦笋,大蒜头,,,,,,,,,,,
耗油杏鲍菇,杏鲍菇,青椒,彩椒,生姜,大蒜头,,,,,,,,,
爆炒杏鲍菇,杏鲍菇,胡萝卜,大蒜头,小葱,,,,,,,,,,
酱爆杏鲍菇,杏鲍菇,黄瓜,豆瓣酱,小葱,,,,,,,,,,
素炒白玉菇,白玉菇,胡萝卜,青椒,小葱 ,生姜,大蒜头,,,,,,,,
凉拌白玉菇,白玉菇,胡萝卜,青椒,,,,,,,,,,,
西芹木耳白玉菇,白玉菇,西芹,木耳,彩椒,大蒜头,干辣椒,,,,,,,,
白蟹双菇,蟹味菇,白玉菇,青椒,彩椒,小葱,大蒜头,生姜,,,,,,,
素炒蟹味菇,蟹味菇,胡萝卜,大蒜头,,,,,,,,,,,
蟹味菇豆腐煲,蟹味菇,绢豆腐,小葱,,,,,,,,,,,
凉拌百叶丝,厚百叶,大葱,香菜,大蒜头,干辣椒,,,,,,,,,
三丝炒厚百叶,厚百叶,胡萝卜,木耳,青椒,小葱,生姜,大蒜头,,,,,,,
油泼厚百叶,厚百叶,大葱,小葱,彩椒,干辣椒,花椒,生姜,,,,,,,
豆腐衣包肉,豆腐衣,五花肉,鸭蛋,小葱,,,,,,,,,,
黄金豆皮卷,豆腐衣,五花肉,虾仁,鲜香菇,青菜,,,,,,,,,
豆腐衣包菌菇,豆腐衣,金针菇,蟹味菇,鲜香菇,香菜,彩椒,五花肉,,,,,,,
油面筋塞肉,油面筋,五花肉,干香菇,香菜,小葱,,,,,,,,,
油面筋炖大白菜,油面筋,大白菜,小葱,生姜,大蒜头,,,,,,,,,
土豆烧油面筋,油面筋,土豆,小葱,生姜,,,,,,,,,,
卤面筋,面筋,里脊肉,鲜香菇,小葱,茴香,桂皮,香叶,,,,,,,
凉拌面筋,面筋,黄瓜,彩椒,小葱,生姜,大蒜头,,,,,,,,
双椒面筋鸡丁,面筋,鸡胸肉,青椒,胡萝卜,小葱,彩椒,生姜,,,,,,,
红烧脆皮素鸡,素鸡,香菜,小葱,生姜,,,,,,,,,,
彩椒炒香菇素鸡,素鸡,鲜香菇,彩椒,青椒,,,,,,,,,,
孜然五香素鸡,素鸡,小葱,八角,桂皮,生姜,,,,,,,,,
鱼香嫩豆腐,绢豆腐,里脊肉,小葱,剁椒,生姜,大蒜头,,,,,,,,
皮蛋拌豆腐,绢豆腐,皮蛋,小米椒,大蒜头,小葱,,,,,,,,,
豆腐羹,绢豆腐,火腿,鲜香菇,生姜,香菜,,,,,,,,,
凉拌腐竹木耳,腐竹,木耳,大蒜头,香菜,小米椒,花椒,,,,,,,,
清炒腐竹,腐竹,五花肉,胡萝卜,小葱,青椒,生姜,大蒜头,,,,,,,
腐竹炒芹菜,腐竹,芹菜,彩椒,小葱,大蒜头,,,,,,,,,
芹菜花生拌香干,五香干,芹菜,花生,胡萝卜,,,,,,,,,,
卤香干,五香干,大葱,生姜,茴香,桂皮,香叶,小茴香,干辣椒,花椒,,,,,
木耳炒香干,五香干,木耳,青椒,大蒜头,彩椒,,,,,,,,,
韭香豆干,白豆干,韭菜,,,,,,,,,,,,
青椒炒白豆干,白豆干,青椒,,,,,,,,,,,,
,,,,,,,,,,,,,,
油豆腐炒肉,油豆腐,里脊肉,小葱,生姜,,,,,,,,,,
油豆腐塞肉,油豆腐,五花肉,鸭蛋,小葱,,,,,,,,,,
红烧油豆腐,油豆腐,小葱,,,,,,,,,,,,
水煮干丝,干丝,黄瓜,胡萝卜,小葱,火腿,生姜,大蒜头,,,,,,,
烫干丝,干丝,青椒,彩椒,大蒜头,,,,,,,,,,
鸡汁干丝,干丝,虾干,草菇,胡萝卜,笋干,小葱,生姜,,,,,,,
软炸里脊肉,里脊肉,鸡蛋,,,,,,,,,,,,
爆炒里脊肉,里脊肉,鲜香菇,青椒,鸡蛋,小葱,生姜,,,,,,,,
京酱肉丝,里脊肉,鸡蛋,,,,,,,,,,,,
葱烤大排,大排,小葱,鸡蛋,八角,生姜,,,,,,,,,
红烧大排,大排,小葱,生姜,大蒜头,,,,,,,,,,
日式炸猪排,大排,鸡蛋,面粉,面包粉,生菜,,,,,,,,,
糖醋小排,小排,生姜,白芝麻,大蒜头,,,,,,,,,,
孜然排骨,小排,小葱,鸡蛋,大蒜头,,,,,,,,,,
萝卜小排汤,小排,白萝卜,小葱,生姜,,,,,,,,,,
蒜香排骨,肋排,大蒜头,青椒,洋葱,彩椒,,,,,,,,,
玉米炖排骨,肋排,玉米,生姜,,,,,,,,,,,
酱香排骨,肋排,小葱,大料,香叶,面粉,生姜,大蒜头,,,,,,,
秘制红烧猪蹄,猪脚,八角,桂皮,香叶,小葱,花椒,生姜,,,,,,,
黄豆猪蹄汤,猪脚,黄豆,生姜,枸杞,,,,,,,,,,
沙姜猪手,猪脚,沙姜,小葱,香菜,香叶,八角,花椒,生姜,卷心菜,莲藕,,芹菜,熟白芝麻,彩椒
青椒猪肚片,猪肚,青椒,生姜,大蒜头,,,,,,,,,,
胡椒猪肚汤,猪肚,腐竹,白果,生姜,红枣,枸杞,,,,,,,,
猪肚包鸡,猪肚,全鸡,枸杞,黄芪,党参,红枣,小葱,胡椒,生姜,,,,,
青椒炒猪肝,猪肝,青椒,大蒜叶,大葱,生姜,花椒,,,,,,,,
洋葱炒猪肝,猪肝,洋葱,彩椒,小米椒,,,,,,,,,,
白切猪肝,猪肝,生姜,大蒜头,,,,,,,,,,,
红烧肉,五花肉,小葱,八角,桂皮,香叶,生姜,,,,,,,,
红烧狮子头,五花肉,鸡蛋,小葱,青菜,枸杞,,,,,,,,,
脆皮烧肉,五花肉,生姜,,,,,,,,,,,,
五香牛腱,牛腱,花椒大料,桂皮,草果,丁香,豆蔻,小葱,生姜,大蒜头,,,,,
私房白切牛腱,牛腱,花椒,小葱,八角,香叶,生姜,,,,,,,,
西红柿炖牛腱,牛腱,番茄,洋葱,香菜,黑胡椒碎,迷迭香,,,,,,,,
萝卜炖牛腩,牛腩,白萝卜,八角,熟芝麻,香菜,生姜,大葱,花椒,干辣椒,大蒜头,,,,
咖喱牛腩,牛腩,胡萝卜,土豆,洋葱,小葱,生姜,,,,,,,,
香辣牛腩,牛腩,小葱,青蒜,大料,香叶,香菜,花椒,生姜,大蒜头,,,,,
蒜香鸡腿排,鸡腿,大蒜头,,,,,,,,,,,,
口水鸡腿,鸡腿,熟花生米碎,小葱,熟白芝麻,生姜,,,,,,,,,
辣子鸡,鸡腿,干辣椒,花椒,八角,小葱,熟芝麻,,,,,,,,
红焖鸡翅,鸡中翅,花椒,小葱,生姜,大蒜头,,,,,,,,,
可乐鸡翅,鸡中翅,生姜,,,,,,,,,,,,
孜然鸡翅,鸡中翅,小葱,小尖椒,花椒,白芝麻,生姜,,,,,,,,
花椒鸡,全鸡,花椒,干辣椒,青椒,彩椒,生姜,大蒜头,,,,,,,
新疆大盘鸡,全鸡,土豆,尖椒,洋葱,生姜,大葱,花椒,干辣椒,大蒜头,,,,,
蜜汁烤全鸡,全鸡,,,,,,,,,,,,,
滋补老鸭汤,全鸭,山药,大枣,枸杞,党参,当归,百合,莲子,芡实,白果,,生姜,,
盐水鸭,全鸭,小葱,香菜,花椒,八角,生姜,,,,,,,,
卤鸭,全鸭,卤料包,生姜,红曲,干辣椒,八角,香叶,桂皮,,,,,,
土匪鸭,鸭腿,小葱,干辣椒,花椒,桂皮,陈皮,八角,草果,香叶,生姜,,大蒜头,,
蜜汁烤鸭腿,鸭腿,生姜,柠檬,,,,,,,,,,,
酱香鸭腿肉,鸭腿,小葱,酱豆腐,花椒,八角,香叶,桂皮,生姜,,,,,,
椒麻手撕鸡胸肉,鸡胸肉,青椒,洋葱,小葱,小米椒,熟芝麻,生姜,,,,,,,
西芹核桃仁炒鸡胸肉,鸡胸肉,西芹,核桃仁,枸杞,生姜,,,,,,,,,
烤面包鸡胸佐圣女果色拉,鸡胸肉,圣女果,卷心菜,小葱,硬面包,烤玉米,芝麻菜,香菜,牛油果,大蒜头,,,,
水蒸蛋,鸡蛋,小葱,,,,,,,,,,,,
鸡蛋饼,鸡蛋,小葱,,,,,,,,,,,,
英式炒蛋,鸡蛋,小葱,,,,,,,,,,,,
蘑菇炒鸭蛋,鸭蛋,白蘑菇,彩椒,蒜苔,小葱,生姜,,,,,,,,
姜丝炒鸭蛋,鸭蛋,生姜,,,,,,,,,,,,
自制咸鸭蛋,鸭蛋,,,,,,,,,,,,,
蒜香五花肉烧鹌鹑蛋,鹌鹑蛋,五花肉,青蒜,生姜,彩椒,,,,,,,,,
酱烧黄金鹌鹑蛋,鹌鹑蛋,小葱,大蒜头,,,,,,,,,,,
糖醋虎皮鹌鹑蛋,鹌鹑蛋,小葱,生姜,,,,,,,,,,,
红烧鲫鱼,鲫鱼,小葱,鲜香菇,冬笋,五花肉,香菜,花椒,生姜,大蒜头,,,,,
香辣烤鲫鱼,鲫鱼,生姜,白芝麻,香菜,洋葱,大蒜头,,,,,,,,
鲫鱼豆腐汤,鲫鱼,绢豆腐,小葱,生姜,大蒜头,,,,,,,,,
葱烧黄鱼,黄鱼,大葱,生姜,干辣椒,大料,鸡蛋,大蒜头,,,,,,,
清蒸黄花鱼,黄鱼,小葱,小指椒,生姜,大蒜头,,,,,,,,,
茄汁黄鱼,黄鱼,玉米,豌豆,,,,,,,,,,,
香煎带鱼,带鱼,大葱,生姜,干橙皮,花椒,面粉,,,,,,,,
家常烧带鱼,带鱼,青椒,彩椒,小葱,生姜,大蒜头,,,,,,,,
清蒸带鱼,带鱼,彩椒,小葱,大葱,生姜,,,,,,,,,
黄豆酱蒸鲳鱼,鲳鱼,小葱,干辣椒,生姜,大蒜头,,,,,,,,,
家常红烧鲳鱼,鲳鱼,小葱,干辣椒,生姜,大蒜头,,,,,,,,,
干煎椒盐鲳鱼,鲳鱼,小葱,干辣椒,生姜,大蒜头,,,,,,,,,
酱香山药青鱼,青鱼,山药,小葱,青蒜,生姜,,,,,,,,,
枸杞酒酿蒸咸青鱼,青鱼,酒酿,枸杞,小葱,,,,,,,,,,
青鱼烧豆腐,青鱼,老豆腐,生姜,大蒜头,,,,,,,,,,
大蒜烧黑鱼,黑鱼,大蒜头,大葱,生姜,,,,,,,,,,
番茄黑鱼汤,黑鱼,番茄,小葱,生姜,,,,,,,,,,
麻辣水煮鱼,黑鱼,厚百叶,金针菇,香菜,小葱,花椒,生姜,大蒜头,,,,,,
柠檬盐烤虾,草虾,柠檬,小葱,生姜,,,,,,,,,,
黑胡椒奶油虾,草虾,洋葱,小葱,大蒜头,,,,,,,,,,
沙茶干烧虾,草虾,小葱,干辣椒,生姜,,,,,,,,,,
油焖大虾,明虾,小葱,生姜,大蒜头,,,,,,,,,,
日式炸虾,明虾,鸡蛋,,,,,,,,,,,,
香煎大明虾,明虾,西蓝花,小葱,生姜,,,,,,,,,,
蒜蓉粉丝虾,基围虾,粉丝,小葱,生姜,大蒜头,,,,,,,,,
白灼基围虾,基围虾,生姜,大蒜头,,,,,,,,,,,
口水虾,基围虾,小葱,生姜,大蒜头,,,,,,,,,,
油爆虾,河虾,青椒,小葱,香菜,彩椒,生姜,大蒜头,,,,,,,
韭菜炒河虾,河虾,韭菜,彩椒,,,,,,,,,,,
醉虾,河虾,青椒,小米辣,香菜,小葱,,,,,,,,,
姜葱炒梭子蟹,梭子蟹,小葱,生姜,大蒜头,,,,,,,,,,
秘制香辣蟹,梭子蟹,芹菜,小葱,花椒,干辣椒,生姜,大蒜头,,,,,,,
梭子蟹粉丝煲,梭子蟹,粉丝,小葱,生姜,,,,,,,,,,
清蒸大闸蟹,大闸蟹,生姜,小葱,,,,,,,,,,,
国宴级醉蟹,大闸蟹,生姜,花椒,八角,香叶,,,,,,,,,
美味鸡煲蟹,大闸蟹,全鸡,小葱,青椒,生姜,大蒜头,,,,,,,,
蛏子丝瓜汤,蛏子,丝瓜,生姜,,,,,,,,,,,
盐焗蛏子,蛏子,花椒,八角,香叶,,,,,,,,,,
美味爆炒蛏子,蛏子,小葱,小米椒,生姜,大蒜头,,,,,,,,,
超鲜葱油蛤蜊,蛤蜊,小葱,生姜,大蒜头,,,,,,,,,,
蛤蜊炖蛋,蛤蜊,鸡蛋,小葱,生姜,,,,,,,,,,
蛤蜊饭,蛤蜊,小葱,大米,,,,,,,,,,,
上汤螺丝,螺丝,腊肉,青椒,生姜,小米椒,彩椒,大蒜头,,,,,,,
爆炒螺丝,螺丝,小葱,青椒,生姜,大蒜头,,,,,,,,,
香辣螺丝,螺丝,小葱,八角,干辣椒,生姜,大蒜头,,,,,,,,
爆炒鱿鱼圈,鱿鱼,洋葱,柿子椒,,,,,,,,,,,
卤鱿鱼,鱿鱼,生姜,八角,香叶,,,,,,,,,,
双椒炒鱿鱼卷,鱿鱼,青椒,洋葱,小米椒,小葱,彩椒,生姜,大蒜头,,,,,,
砂锅目鱼仔,目鱼仔,生姜,大葱,红葱头,尖椒,干辣椒,大蒜头,,,,,,,
爆炒目鱼仔,目鱼仔,生姜,青椒,大蒜头,,,,,,,,,,
香辣目鱼仔,目鱼仔,青椒,生姜,彩椒,大蒜头,,,,,,,,,
凉拌海带,湿海带,指天椒,小葱,生姜,大蒜头,,,,,,,,,
清炒海带,湿海带,小葱,大蒜头,,,,,,,,,,,
蛤蜊海带豆腐汤,湿海带,老豆腐,蛤蜊,小葱,生姜,,,,,,,,,
干锅香辣鸡翅,鸡全翅,土豆,青椒,培根,,,,,,,,,,
白灼斑节虾,斑节虾,生姜,小葱,,,,,,,,,,,
豉油斑节虾,斑节虾,大蒜头,生姜,小葱,,,,,,,,,,
清蒸皮皮虾,虾姑（皮皮虾）,小葱,生姜,,,,,,,,,,,
清炒鸡纵菌,鸡枞菌,青椒,大蒜头,,,,,,,,,,,
糖醋脆皮豆腐,老豆腐,小葱,芝麻,,,,,,,,,,,
家常豆腐,老豆腐,胡萝卜,木耳,青椒,干辣椒,生姜,,,,,,,,
火爆肥肠,大肠,青椒,干辣椒,彩椒,洋葱,生姜,大蒜头,花椒,,,,,,
干锅肥肠,大肠,青椒,黄瓜,胡萝卜,小葱,胡萝卜,大蒜头,生姜,花椒,干辣椒,莴笋,,,
青椒肉丝,青椒,里脊肉,生姜,大蒜头,,,,,,,,,,
青椒素炒杏鲍菇,青椒,杏鲍菇,大蒜头,,,,,,,,,,,
青椒炒蛋,青椒,鸡蛋,芝麻,,,,,,,,,,,
玉米炒肉末,玉米,番茄,五花肉,大蒜头,小葱,,,,,,,,,
奶香玉米汁,玉米,牛奶,,,,,,,,,,,,
番茄土豆玉米排骨汤,玉米,番茄,土豆,小排,,,,,,,,,,
爽口拌木耳,木耳,大蒜头,干辣椒,小葱,,,,,,,,,,
木耳炒鸡蛋,木耳,鸡蛋,胡萝卜,生姜,大蒜头,,,,,,,,,
山药炒木耳,木耳,山药,青椒,小葱,,,,,,,,,,
,,,,,,,,,,,,,,
,,,,,,,,,,,,,,
,,,,,,,,,,,,,,
,,,,,,,,,,,,,,
,,,,,,,,,,,,,,
,,,,,,,,,,,,,,
,,,,,,,,,,,,,,
,,,,,,,,,,,,,,
,,,,,,,,,,,,,,
,,,,,,,,,,,,,,
,,,,,,,,,,,,,,
,,,,,,,,,,,,,,
,,,,,,,,,,,,,,
,,,,,,,,,,,,,,
,,,,,,,,,,,,,,
,,,,,,,,,,,,,,
,,,,,,,,,,,,,,
,,,,,,,,,,,,,,
,,,,,,,,,,,,,,
,,,,,,,,,,,,,,
,,,,,,,,,,,,,,
,,,,,,,,,,,,,,
,,,,,,,,,,,,,,
,,,,,,,,,,,,,,
,,,,,,,,,,,,,,
,,,,,,,,,,,,,,
,,,,,,,,,,,,,,
,,,,,,,,,,,,,,
,,,,,,,,,,,,,,
,,,,,,,,,,,,,,
,,,,,,,,,,,,,,
,,,,,,,,,,,,,,
,,,,,,,,,,,,,,
,,,,,,,,,,,,,,
,,,,,,,,,,,,,,
,,,,,,,,,,,,,,
,,,,,,,,,,,,,,
,,,,,,,,,,,,,,
,,,,,,,,,,,,,,
,,,,,,,,,,,,,,
,,,,,,,,,,,,,,
,,,,,,,,,,,,,,
,,,,,,,,,,,,,,
,,,,,,,,,,,,,,
,,,,,,,,,,,,,,
,,,,,,,,,,,,,,
,,,,,,,,,,,,,,
,,,,,,,,,,,,,,
,,,,,,,,,,,,,,
,,,,,,,,,,,,,,
,,,,,,,,,,,,,,
,,,,,,,,,,,,,,
,,,,,,,,,,,,,,
,,,,,,,,,,,,,,
,,,,,,,,,,,,,,
,,,,,,,,,,,,,,
,,,,,,,,,,,,,,
,,,,,,,,,,,,,,
,,,,,,,,,,,,,,
,,,,,,,,,,,,,,
,,,,,,,,,,,,,,
,,,,,,,,,,,,,,
,,,,,,,,,,,,,,
,,,,,,,,,,,,,,
,,,,,,,,,,,,,,
,,,,,,,,,,,,,,
,,,,,,,,,,,,,,
,,,,,,,,,,,,,,
,,,,,,,,,,,,,,
,,,,,,,,,,,,,,
,,,,,,,,,,,,,,
,,,,,,,,,,,,,,
,,,,,,,,,,,,,,
,,,,,,,,,,,,,,
,,,,,,,,,,,,,,
,,,,,,,,,,,,,,
,,,,,,,,,,,,,,
,,,,,,,,,,,,,,
,,,,,,,,,,,,,,
,,,,,,,,,,,,,,
,,,,,,,,,,,,,,
,,,,,,,,,,,,,,
,,,,,,,,,,,,,,
,,,,,,,,,,,,,,
,,,,,,,,,,,,,,
,,,,,,,,,,,,,,
,,,,,,,,,,,,,,
,,,,,,,,,,,,,,
,,,,,,,,,,,,,,
,,,,,,,,,,,,,,
,,,,,,,,,,,,,,
,,,,,,,,,,,,,,
,,,,,,,,,,,,,,
,,,,,,,,,,,,,,
,,,,,,,,,,,,,,
,,,,,,,,,,,,,,
,,,,,,,,,,,,,,
,,,,,,,,,,,,,,
,,,,,,,,,,,,,,
,,,,,,,,,,,,,,
,,,,,,,,,,,,,,
,,,,,,,,,,,,,,
,,,,,,,,,,,,,,
,,,,,,,,,,,,,,
,,,,,,,,,,,,,,
,,,,,,,,,,,,,,
,,,,,,,,,,,,,,
,,,,,,,,,,,,,,
,,,,,,,,,,,,,,
,,,,,,,,,,,,,,
,,,,,,,,,,,,,,
,,,,,,,,,,,,,,
,,,,,,,,,,,,,,
,,,,,,,,,,,,,,
,,,,,,,,,,,,,,
,,,,,,,,,,,,,,
,,,,,,,,,,,,,,
,,,,,,,,,,,,,,
,,,,,,,,,,,,,,
,,,,,,,,,,,,,,
,,,,,,,,,,,,,,
,,,,,,,,,,,,,,
,,,,,,,,,,,,,,
,,,,,,,,,,,,,,
,,,,,,,,,,,,,,
,,,,,,,,,,,,,,
,,,,,,,,,,,,,,
,,,,,,,,,,,,,,
,,,,,,,,,,,,,,
,,,,,,,,,,,,,,
,,,,,,,,,,,,,,
,,,,,,,,,,,,,,
,,,,,,,,,,,,,,
,,,,,,,,,,,,,,
,,,,,,,,,,,,,,
,,,,,,,,,,,,,,
,,,,,,,,,,,,,,
,,,,,,,,,,,,,,
,,,,,,,,,,,,,,
,,,,,,,,,,,,,,
,,,,,,,,,,,,,,
,,,,,,,,,,,,,,
,,,,,,,,,,,,,,
,,,,,,,,,,,,,,
,,,,,,,,,,,,,,
,,,,,,,,,,,,,,
,,,,,,,,,,,,,,
,,,,,,,,,,,,,,
,,,,,,,,,,,,,,
,,,,,,,,,,,,,,
,,,,,,,,,,,,,,
,,,,,,,,,,,,,,
,,,,,,,,,,,,,,
,,,,,,,,,,,,,,
,,,,,,,,,,,,,,
,,,,,,,,,,,,,,
,,,,,,,,,,,,,,